{
  "environment": {
    "ambient": [
      0.15,
      0.15,
      0.15
    ],
    "directional_lights": [
      {
        "color": [
          1.0,
          1.0,
          0.8999999761581421
        ],
        "direction": [
          -0.006980877369642258,
          0.010471783578395844,
          -0.9999207854270935
        ],
        "intensity": 1.0
      }
    ]
  },
  "models": [],
  "name": "空项目",
  "objects": [
    {
      "color": [
        0.5,
        0.5,
        0.5
      ],
      "object_type": "plane",
      "position": [
        0.0,
        0.0,
        0.0
      ],
      "scale": [
        10.0,
        1.0,
        10.0
      ],
      "tag": null
    }
  ],
  "spawn_points": [],
  "version": "1.0"
}